,name,album,release_date,track_number,valence,popularity,energy,,,
0,Welcome To New York (Taylor's Version),1989 (Taylor's Version) [Deluxe],27/10/2023,1,0.685,80,0.61,,,
1,Blank Space (Taylor's Version),1989 (Taylor's Version) [Deluxe],27/10/2023,2,0.701,80,0.733,,,
2,Style (Taylor's Version),1989 (Taylor's Version) [Deluxe],27/10/2023,3,0.305,81,0.822,,,
3,Out Of The Woods (Taylor's Version),1989 (Taylor's Version) [Deluxe],27/10/2023,4,0.206,80,0.885,,,
4,All You Had To Do Was Stay (Taylor's Version),1989 (Taylor's Version) [Deluxe],27/10/2023,5,0.52,79,0.721,,,
5,Shake It Off (Taylor's Version),1989 (Taylor's Version) [Deluxe],27/10/2023,6,0.917,79,0.808,,,
6,I Wish You Would (Taylor's Version),1989 (Taylor's Version) [Deluxe],27/10/2023,7,0.539,79,0.858,,,
7,Bad Blood (Taylor's Version),1989 (Taylor's Version) [Deluxe],27/10/2023,8,0.363,78,0.683,,,
8,Wildest Dreams (Taylor's Version),1989 (Taylor's Version) [Deluxe],27/10/2023,9,0.514,78,0.674,,,
9,How You Get The Girl (Taylor's Version),1989 (Taylor's Version) [Deluxe],27/10/2023,10,0.538,78,0.691,,,
10,This Love (Taylor’s Version),1989 (Taylor's Version) [Deluxe],27/10/2023,11,0.0567,77,0.509,,,
11,I Know Places (Taylor's Version),1989 (Taylor's Version) [Deluxe],27/10/2023,12,0.652,78,0.788,,,
12,Clean (Taylor's Version),1989 (Taylor's Version) [Deluxe],27/10/2023,13,0.258,78,0.391,,,
13,Wonderland (Taylor's Version),1989 (Taylor's Version) [Deluxe],27/10/2023,14,0.385,78,0.705,,,
14,You Are In Love (Taylor's Version),1989 (Taylor's Version) [Deluxe],27/10/2023,15,0.477,78,0.498,,,
15,New Romantics (Taylor's Version),1989 (Taylor's Version) [Deluxe],27/10/2023,16,0.698,79,0.846,,,
16,"""Slut!"" (Taylor's Version) (From The Vault)",1989 (Taylor's Version) [Deluxe],27/10/2023,17,0.328,82,0.412,,,
17,Say Don't Go (Taylor's Version) (From The Vault),1989 (Taylor's Version) [Deluxe],27/10/2023,18,0.164,83,0.551,,,
18,Now That We Don't Talk (Taylor's Version) (From The Vault),1989 (Taylor's Version) [Deluxe],27/10/2023,19,0.0831,83,0.501,,,
19,Suburban Legends (Taylor's Version) (From The Vault),1989 (Taylor's Version) [Deluxe],27/10/2023,20,0.323,81,0.625,,,
20,Is It Over Now? (Taylor's Version) (From The Vault),1989 (Taylor's Version) [Deluxe],27/10/2023,21,0.191,84,0.656,,,
21,Bad Blood (feat. Kendrick Lamar) (Taylor's Version),1989 (Taylor's Version) [Deluxe],27/10/2023,22,0.174,83,0.648,,,
22,Welcome To New York (Taylor's Version),1989 (Taylor's Version),26/10/2023,1,0.674,87,0.607,,,
23,Blank Space (Taylor's Version),1989 (Taylor's Version),26/10/2023,2,0.755,88,0.725,,,
24,Style (Taylor's Version),1989 (Taylor's Version),26/10/2023,3,0.292,89,0.824,,,
25,Out Of The Woods (Taylor's Version),1989 (Taylor's Version),26/10/2023,4,0.192,87,0.885,,,
26,All You Had To Do Was Stay (Taylor's Version),1989 (Taylor's Version),26/10/2023,5,0.481,86,0.72,,,
27,Shake It Off (Taylor's Version),1989 (Taylor's Version),26/10/2023,6,0.921,86,0.807,,,
28,I Wish You Would (Taylor's Version),1989 (Taylor's Version),26/10/2023,7,0.541,85,0.851,,,
29,Bad Blood (Taylor's Version),1989 (Taylor's Version),26/10/2023,8,0.364,85,0.686,,,
30,Wildest Dreams (Taylor's Version),1989 (Taylor's Version),26/10/2023,9,0.514,85,0.672,,,
31,How You Get The Girl (Taylor's Version),1989 (Taylor's Version),26/10/2023,10,0.547,84,0.682,,,
32,This Love (Taylor’s Version),1989 (Taylor's Version),26/10/2023,11,0.0586,83,0.511,,,
33,I Know Places (Taylor's Version),1989 (Taylor's Version),26/10/2023,12,0.68,84,0.803,,,
34,Clean (Taylor's Version),1989 (Taylor's Version),26/10/2023,13,0.239,85,0.386,,,
35,Wonderland (Taylor's Version),1989 (Taylor's Version),26/10/2023,14,0.337,84,0.708,,,
36,You Are In Love (Taylor's Version),1989 (Taylor's Version),26/10/2023,15,0.492,84,0.495,,,
37,New Romantics (Taylor's Version),1989 (Taylor's Version),26/10/2023,16,0.698,86,0.855,,,
38,"""Slut!"" (Taylor's Version) (From The Vault)",1989 (Taylor's Version),26/10/2023,17,0.306,90,0.413,,,
39,Say Don't Go (Taylor's Version) (From The Vault),1989 (Taylor's Version),26/10/2023,18,0.192,89,0.547,,,
40,Now That We Don't Talk (Taylor's Version) (From The Vault),1989 (Taylor's Version),26/10/2023,19,0.0662,90,0.512,,,
41,Suburban Legends (Taylor's Version) (From The Vault),1989 (Taylor's Version),26/10/2023,20,0.344,87,0.621,,,
42,Is It Over Now? (Taylor's Version) (From The Vault),1989 (Taylor's Version),26/10/2023,21,0.176,91,0.658,,,
43,Mine (Taylor's Version),Speak Now (Taylor's Version),7/7/2023,1,0.49,84,0.783,,,
44,Sparks Fly (Taylor’s Version),Speak Now (Taylor's Version),7/7/2023,2,0.387,81,0.758,,,
45,Back To December (Taylor's Version),Speak Now (Taylor's Version),7/7/2023,3,0.203,84,0.635,,,
46,Speak Now (Taylor's Version),Speak Now (Taylor's Version),7/7/2023,4,0.639,79,0.677,,,
47,Dear John (Taylor's Version),Speak Now (Taylor's Version),7/7/2023,5,0.133,80,0.47,,,
48,Mean (Taylor's Version),Speak Now (Taylor's Version),7/7/2023,6,0.621,79,0.692,,,
49,The Story Of Us (Taylor's Version),Speak Now (Taylor's Version),7/7/2023,7,0.57,79,0.781,,,
50,Never Grow Up (Taylor's Version),Speak Now (Taylor's Version),7/7/2023,8,0.569,75,0.323,,,
51,Enchanted (Taylor's Version),Speak Now (Taylor's Version),7/7/2023,9,0.216,88,0.532,,,
52,Better Than Revenge (Taylor's Version),Speak Now (Taylor's Version),7/7/2023,10,0.665,82,0.885,,,
53,Innocent (Taylor's Version),Speak Now (Taylor's Version),7/7/2023,11,0.149,73,0.598,,,
54,Haunted (Taylor's Version),Speak Now (Taylor's Version),7/7/2023,12,0.355,77,0.915,,,
55,Last Kiss (Taylor's Version),Speak Now (Taylor's Version),7/7/2023,13,0.16,77,0.366,,,
56,Long Live (Taylor's Version),Speak Now (Taylor's Version),7/7/2023,14,0.0752,82,0.65,,,
57,Ours (Taylor’s Version),Speak Now (Taylor's Version),7/7/2023,15,0.348,75,0.488,,,
58,Superman (Taylor’s Version),Speak Now (Taylor's Version),7/7/2023,16,0.356,72,0.742,,,
59,Electric Touch (feat. Fall Out Boy) (Taylor’s Version) (From The Vault),Speak Now (Taylor's Version),7/7/2023,17,0.282,78,0.855,,,
60,When Emma Falls in Love (Taylor’s Version) (From The Vault),Speak Now (Taylor's Version),7/7/2023,18,0.231,78,0.763,,,
61,I Can See You (Taylor’s Version) (From The Vault),Speak Now (Taylor's Version),7/7/2023,19,0.819,87,0.764,,,
62,Castles Crumbling (feat. Hayley Williams) (Taylor’s Version) (From The Vault),Speak Now (Taylor's Version),7/7/2023,20,0.378,78,0.57,,,
63,Foolish One (Taylor’s Version) (From The Vault),Speak Now (Taylor's Version),7/7/2023,21,0.543,79,0.588,,,
64,Timeless (Taylor’s Version) (From The Vault),Speak Now (Taylor's Version),7/7/2023,22,0.65,78,0.585,,,
65,Lavender Haze,Midnights (The Til Dawn Edition),26/5/2023,1,0.0751,70,0.454,,,
66,Maroon,Midnights (The Til Dawn Edition),26/5/2023,2,0.0382,70,0.397,,,
67,Anti-Hero,Midnights (The Til Dawn Edition),26/5/2023,3,0.497,70,0.649,,,
68,Snow On The Beach (feat. Lana Del Rey),Midnights (The Til Dawn Edition),26/5/2023,4,0.166,68,0.331,,,
69,"You're On Your Own, Kid",Midnights (The Til Dawn Edition),26/5/2023,5,0.39,70,0.386,,,
70,Midnight Rain,Midnights (The Til Dawn Edition),26/5/2023,6,0.198,70,0.372,,,
71,Question...?,Midnights (The Til Dawn Edition),26/5/2023,7,0.113,68,0.509,,,
72,Vigilante Shit,Midnights (The Til Dawn Edition),26/5/2023,8,0.157,69,0.272,,,
73,Bejeweled,Midnights (The Til Dawn Edition),26/5/2023,9,0.425,69,0.546,,,
74,Labyrinth,Midnights (The Til Dawn Edition),26/5/2023,10,0.13,67,0.308,,,
75,Karma,Midnights (The Til Dawn Edition),26/5/2023,11,0.0956,69,0.614,,,
76,Sweet Nothing,Midnights (The Til Dawn Edition),26/5/2023,12,0.391,67,0.166,,,
77,Mastermind,Midnights (The Til Dawn Edition),26/5/2023,13,0.126,68,0.345,,,
78,The Great War,Midnights (The Til Dawn Edition),26/5/2023,14,0.592,68,0.737,,,
79,Bigger Than The Whole Sky,Midnights (The Til Dawn Edition),26/5/2023,15,0.0633,66,0.22,,,
80,Paris,Midnights (The Til Dawn Edition),26/5/2023,16,0.454,67,0.498,,,
81,High Infidelity,Midnights (The Til Dawn Edition),26/5/2023,17,0.766,66,0.545,,,
82,Glitch,Midnights (The Til Dawn Edition),26/5/2023,18,0.399,65,0.451,,,
83,"Would've, Could've, Should've",Midnights (The Til Dawn Edition),26/5/2023,19,0.534,68,0.837,,,
84,Dear Reader,Midnights (The Til Dawn Edition),26/5/2023,20,0.162,66,0.386,,,
85,Hits Different,Midnights (The Til Dawn Edition),26/5/2023,21,0.239,83,0.782,,,
86,Snow On The Beach (feat. More Lana Del Rey),Midnights (The Til Dawn Edition),26/5/2023,22,0.315,82,0.401,,,
87,Karma (feat. Ice Spice),Midnights (The Til Dawn Edition),26/5/2023,23,0.0734,75,0.616,,,
88,Lavender Haze,Midnights (3am Edition),22/10/2022,1,0.0984,72,0.444,,,
89,Maroon,Midnights (3am Edition),22/10/2022,2,0.0382,71,0.378,,,
90,Anti-Hero,Midnights (3am Edition),22/10/2022,3,0.519,72,0.634,,,
91,Snow On The Beach (feat. Lana Del Rey),Midnights (3am Edition),22/10/2022,4,0.154,70,0.323,,,
92,"You're On Your Own, Kid",Midnights (3am Edition),22/10/2022,5,0.376,72,0.38,,,
93,Midnight Rain,Midnights (3am Edition),22/10/2022,6,0.23,72,0.377,,,
94,Question...?,Midnights (3am Edition),22/10/2022,7,0.112,69,0.502,,,
95,Vigilante Shit,Midnights (3am Edition),22/10/2022,8,0.16,71,0.279,,,
96,Bejeweled,Midnights (3am Edition),22/10/2022,9,0.412,72,0.55,,,
97,Labyrinth,Midnights (3am Edition),22/10/2022,10,0.141,68,0.313,,,
98,Karma,Midnights (3am Edition),22/10/2022,11,0.106,76,0.622,,,
99,Sweet Nothing,Midnights (3am Edition),22/10/2022,12,0.396,69,0.161,,,
100,Mastermind,Midnights (3am Edition),22/10/2022,13,0.13,75,0.352,,,
101,The Great War,Midnights (3am Edition),22/10/2022,14,0.554,78,0.741,,,
102,Bigger Than The Whole Sky,Midnights (3am Edition),22/10/2022,15,0.068,74,0.235,,,
103,Paris,Midnights (3am Edition),22/10/2022,16,0.345,73,0.509,,,
104,High Infidelity,Midnights (3am Edition),22/10/2022,17,0.755,73,0.529,,,
105,Glitch,Midnights (3am Edition),22/10/2022,18,0.347,71,0.466,,,
106,"Would've, Could've, Should've",Midnights (3am Edition),22/10/2022,19,0.55,76,0.84,,,
107,Dear Reader,Midnights (3am Edition),22/10/2022,20,0.159,72,0.388,,,
108,Lavender Haze,Midnights,21/10/2022,1,0.0976,86,0.436,,,
109,Maroon,Midnights,21/10/2022,2,0.0374,82,0.398,,,
110,Anti-Hero,Midnights,21/10/2022,3,0.533,93,0.643,,,
111,Snow On The Beach (feat. Lana Del Rey),Midnights,21/10/2022,4,0.193,79,0.319,,,
112,"You're On Your Own, Kid",Midnights,21/10/2022,5,0.38,85,0.396,,,
113,Midnight Rain,Midnights,21/10/2022,6,0.23,85,0.363,,,
114,Question...?,Midnights,21/10/2022,7,0.106,76,0.502,,,
115,Vigilante Shit,Midnights,21/10/2022,8,0.163,82,0.277,,,
116,Bejeweled,Midnights,21/10/2022,9,0.433,84,0.559,,,
117,Labyrinth,Midnights,21/10/2022,10,0.122,76,0.306,,,
118,Karma,Midnights,21/10/2022,11,0.0969,90,0.62,,,
119,Sweet Nothing,Midnights,21/10/2022,12,0.39,77,0.156,,,
120,Mastermind,Midnights,21/10/2022,13,0.124,79,0.357,,,
121,State Of Grace (Taylor's Version),Red (Taylor's Version),12/11/2021,1,0.328,73,0.713,,,
122,Red (Taylor's Version),Red (Taylor's Version),12/11/2021,2,0.408,81,0.777,,,
123,Treacherous (Taylor's Version),Red (Taylor's Version),12/11/2021,3,0.299,73,0.593,,,
124,I Knew You Were Trouble (Taylor's Version),Red (Taylor's Version),12/11/2021,4,0.767,81,0.557,,,
125,All Too Well (Taylor's Version),Red (Taylor's Version),12/11/2021,5,0.132,78,0.528,,,
126,22 (Taylor's Version),Red (Taylor's Version),12/11/2021,6,0.642,80,0.695,,,
127,I Almost Do (Taylor's Version),Red (Taylor's Version),12/11/2021,7,0.248,72,0.559,,,
128,We Are Never Ever Getting Back Together (Taylor's Version),Red (Taylor's Version),12/11/2021,8,0.716,81,0.686,,,
129,Stay Stay Stay (Taylor's Version),Red (Taylor's Version),12/11/2021,9,0.663,71,0.681,,,
130,The Last Time (feat. Gary Lightbody of Snow Patrol) (Taylor’s Version),Red (Taylor's Version),12/11/2021,10,0.155,74,0.534,,,
131,Holy Ground (Taylor's Version),Red (Taylor's Version),12/11/2021,11,0.511,71,0.809,,,
132,Sad Beautiful Tragic (Taylor's Version),Red (Taylor's Version),12/11/2021,12,0.232,73,0.406,,,
133,The Lucky One (Taylor's Version),Red (Taylor's Version),12/11/2021,13,0.538,71,0.571,,,
134,Everything Has Changed (feat. Ed Sheeran) (Taylor’s Version),Red (Taylor's Version),12/11/2021,14,0.474,77,0.61,,,
135,Starlight (Taylor's Version),Red (Taylor's Version),12/11/2021,15,0.605,70,0.685,,,
136,Begin Again (Taylor's Version),Red (Taylor's Version),12/11/2021,16,0.267,73,0.527,,,
137,The Moment I Knew (Taylor's Version),Red (Taylor's Version),12/11/2021,17,0.208,70,0.402,,,
138,Come Back...Be Here (Taylor's Version),Red (Taylor's Version),12/11/2021,18,0.399,74,0.632,,,
139,Girl At Home (Taylor's Version),Red (Taylor's Version),12/11/2021,19,0.612,68,0.736,,,
140,State Of Grace (Acoustic Version) (Taylor's Version),Red (Taylor's Version),12/11/2021,20,0.101,68,0.131,,,
141,Ronan (Taylor's Version),Red (Taylor's Version),12/11/2021,21,0.38,65,0.279,,,
142,Better Man (Taylor's Version) (From The Vault),Red (Taylor's Version),12/11/2021,22,0.255,74,0.579,,,
143,Nothing New (feat. Phoebe Bridgers) (Taylor’s Version) (From The Vault),Red (Taylor's Version),12/11/2021,23,0.446,78,0.377,,,
144,Babe (Taylor's Version) (From The Vault),Red (Taylor's Version),12/11/2021,24,0.746,74,0.743,,,
145,Message In A Bottle (Taylor's Version) (From The Vault),Red (Taylor's Version),12/11/2021,25,0.494,75,0.791,,,
146,I Bet You Think About Me (feat. Chris Stapleton) (Taylor’s Version) (From The Vault),Red (Taylor's Version),12/11/2021,26,0.473,77,0.715,,,
147,Forever Winter (Taylor's Version) (From The Vault),Red (Taylor's Version),12/11/2021,27,0.41,70,0.552,,,
148,Run (feat. Ed Sheeran) (Taylor’s Version) (From The Vault),Red (Taylor's Version),12/11/2021,28,0.443,72,0.488,,,
149,The Very First Night (Taylor's Version) (From The Vault),Red (Taylor's Version),12/11/2021,29,0.581,77,0.733,,,
150,All Too Well (10 Minute Version) (Taylor's Version) (From The Vault),Red (Taylor's Version),12/11/2021,30,0.205,87,0.518,,,
151,Fearless (Taylor’s Version),Fearless (Taylor's Version),9/4/2021,1,0.43,85,0.741,,,
152,Fifteen (Taylor’s Version),Fearless (Taylor's Version),9/4/2021,2,0.289,73,0.646,,,
153,Love Story (Taylor’s Version),Fearless (Taylor's Version),9/4/2021,3,0.415,82,0.792,,,
154,Hey Stephen (Taylor’s Version),Fearless (Taylor's Version),9/4/2021,4,0.797,72,0.571,,,
155,White Horse (Taylor’s Version),Fearless (Taylor's Version),9/4/2021,5,0.366,73,0.517,,,
156,You Belong With Me (Taylor’s Version),Fearless (Taylor's Version),9/4/2021,6,0.474,87,0.773,,,
157,Breathe (feat. Colbie Caillat) (Taylor’s Version),Fearless (Taylor's Version),9/4/2021,7,0.321,69,0.626,,,
158,Tell Me Why (Taylor’s Version),Fearless (Taylor's Version),9/4/2021,8,0.541,68,0.909,,,
159,You’re Not Sorry (Taylor’s Version),Fearless (Taylor's Version),9/4/2021,9,0.241,70,0.444,,,
160,The Way I Loved You (Taylor’s Version),Fearless (Taylor's Version),9/4/2021,10,0.472,83,0.732,,,
161,Forever & Always (Taylor’s Version),Fearless (Taylor's Version),9/4/2021,11,0.673,74,0.821,,,
162,The Best Day (Taylor’s Version),Fearless (Taylor's Version),9/4/2021,12,0.469,68,0.576,,,
163,Change (Taylor’s Version),Fearless (Taylor's Version),9/4/2021,13,0.344,66,0.815,,,
164,Jump Then Fall (Taylor’s Version),Fearless (Taylor's Version),9/4/2021,14,0.624,69,0.69,,,
165,Untouchable (Taylor’s Version),Fearless (Taylor's Version),9/4/2021,15,0.224,68,0.531,,,
166,Forever & Always (Piano Version) (Taylor’s Version),Fearless (Taylor's Version),9/4/2021,16,0.271,67,0.273,,,
167,Come In With The Rain (Taylor’s Version),Fearless (Taylor's Version),9/4/2021,17,0.167,65,0.564,,,
168,Superstar (Taylor’s Version),Fearless (Taylor's Version),9/4/2021,18,0.171,65,0.555,,,
169,The Other Side Of The Door (Taylor’s Version),Fearless (Taylor's Version),9/4/2021,19,0.629,70,0.873,,,
170,Today Was A Fairytale (Taylor’s Version),Fearless (Taylor's Version),9/4/2021,20,0.328,68,0.779,,,
171,You All Over Me (feat. Maren Morris) (Taylor’s Version) (From The Vault),Fearless (Taylor's Version),9/4/2021,21,0.44,66,0.494,,,
172,Mr. Perfectly Fine (Taylor’s Version) (From The Vault),Fearless (Taylor's Version),9/4/2021,22,0.714,78,0.817,,,
173,We Were Happy (Taylor’s Version) (From The Vault),Fearless (Taylor's Version),9/4/2021,23,0.13,68,0.373,,,
174,That’s When (feat. Keith Urban) (Taylor’s Version) (From The Vault),Fearless (Taylor's Version),9/4/2021,24,0.508,70,0.608,,,
175,Don’t You (Taylor’s Version) (From The Vault),Fearless (Taylor's Version),9/4/2021,25,0.405,70,0.473,,,
176,Bye Bye Baby (Taylor’s Version) (From The Vault),Fearless (Taylor's Version),9/4/2021,26,0.527,68,0.624,,,
177,willow,evermore (deluxe version),7/1/2021,1,0.529,75,0.574,,,
178,champagne problems,evermore (deluxe version),7/1/2021,2,0.32,75,0.24,,,
179,gold rush,evermore (deluxe version),7/1/2021,3,0.353,73,0.462,,,
180,‘tis the damn season,evermore (deluxe version),7/1/2021,4,0.348,74,0.434,,,
181,tolerate it,evermore (deluxe version),7/1/2021,5,0.221,74,0.361,,,
182,"no body, no crime (feat. HAIM)",evermore (deluxe version),7/1/2021,6,0.535,73,0.613,,,
183,happiness,evermore (deluxe version),7/1/2021,7,0.211,71,0.334,,,
184,dorothea,evermore (deluxe version),7/1/2021,8,0.354,70,0.488,,,
185,coney island (feat. The National),evermore (deluxe version),7/1/2021,9,0.292,71,0.537,,,
186,ivy,evermore (deluxe version),7/1/2021,10,0.535,72,0.545,,,
187,cowboy like me,evermore (deluxe version),7/1/2021,11,0.511,71,0.517,,,
188,long story short,evermore (deluxe version),7/1/2021,12,0.573,71,0.73,,,
189,marjorie,evermore (deluxe version),7/1/2021,13,0.287,71,0.561,,,
190,closure,evermore (deluxe version),7/1/2021,14,0.92,68,0.704,,,
191,evermore (feat. Bon Iver),evermore (deluxe version),7/1/2021,15,0.32,72,0.27,,,
192,right where you left me - bonus track,evermore (deluxe version),7/1/2021,16,0.645,83,0.619,,,
193,it’s time to go - bonus track,evermore (deluxe version),7/1/2021,17,0.416,73,0.41,,,
194,willow,evermore,11/12/2020,1,0.529,83,0.574,,,
195,champagne problems,evermore,11/12/2020,2,0.32,83,0.24,,,
196,gold rush,evermore,11/12/2020,3,0.353,75,0.462,,,
197,‘tis the damn season,evermore,11/12/2020,4,0.348,76,0.434,,,
198,tolerate it,evermore,11/12/2020,5,0.221,79,0.361,,,
199,"no body, no crime (feat. HAIM)",evermore,11/12/2020,6,0.535,74,0.613,,,
200,happiness,evermore,11/12/2020,7,0.211,71,0.334,,,
201,dorothea,evermore,11/12/2020,8,0.354,70,0.488,,,
202,coney island (feat. The National),evermore,11/12/2020,9,0.292,69,0.537,,,
203,ivy,evermore,11/12/2020,10,0.535,74,0.545,,,
204,cowboy like me,evermore,11/12/2020,11,0.511,73,0.517,,,
205,long story short,evermore,11/12/2020,12,0.573,69,0.73,,,
206,marjorie,evermore,11/12/2020,13,0.287,76,0.561,,,
207,closure,evermore,11/12/2020,14,0.92,67,0.704,,,
208,evermore (feat. Bon Iver),evermore,11/12/2020,15,0.32,71,0.27,,,
209,the 1,folklore: the long pond studio sessions (from the Disney+ special) [deluxe edition],25/11/2020,1,0.163,56,0.361,,,
210,cardigan,folklore: the long pond studio sessions (from the Disney+ special) [deluxe edition],25/11/2020,2,0.534,57,0.58,,,
211,the last great american dynasty,folklore: the long pond studio sessions (from the Disney+ special) [deluxe edition],25/11/2020,3,0.701,54,0.653,,,
212,exile (feat. Bon Iver),folklore: the long pond studio sessions (from the Disney+ special) [deluxe edition],25/11/2020,4,0.16,56,0.374,,,
213,my tears ricochet,folklore: the long pond studio sessions (from the Disney+ special) [deluxe edition],25/11/2020,5,0.112,55,0.265,,,
214,mirrorball,folklore: the long pond studio sessions (from the Disney+ special) [deluxe edition],25/11/2020,6,0.347,54,0.417,,,
215,seven,folklore: the long pond studio sessions (from the Disney+ special) [deluxe edition],25/11/2020,7,0.374,53,0.494,,,
216,august,folklore: the long pond studio sessions (from the Disney+ special) [deluxe edition],25/11/2020,8,0.42,56,0.634,,,
217,this is me trying,folklore: the long pond studio sessions (from the Disney+ special) [deluxe edition],25/11/2020,9,0.408,54,0.478,,,
218,illicit affairs,folklore: the long pond studio sessions (from the Disney+ special) [deluxe edition],25/11/2020,10,0.44,54,0.304,,,
219,invisible string,folklore: the long pond studio sessions (from the Disney+ special) [deluxe edition],25/11/2020,11,0.454,54,0.459,,,
220,mad woman,folklore: the long pond studio sessions (from the Disney+ special) [deluxe edition],25/11/2020,12,0.451,51,0.7,,,
221,epiphany,folklore: the long pond studio sessions (from the Disney+ special) [deluxe edition],25/11/2020,13,0.103,50,0.254,,,
222,betty,folklore: the long pond studio sessions (from the Disney+ special) [deluxe edition],25/11/2020,14,0.476,52,0.376,,,
223,peace,folklore: the long pond studio sessions (from the Disney+ special) [deluxe edition],25/11/2020,15,0.328,50,0.284,,,
224,hoax,folklore: the long pond studio sessions (from the Disney+ special) [deluxe edition],25/11/2020,16,0.404,50,0.178,,,
225,the lakes - bonus track,folklore: the long pond studio sessions (from the Disney+ special) [deluxe edition],25/11/2020,17,0.268,51,0.258,,,
226,the 1 - the long pond studio sessions,folklore: the long pond studio sessions (from the Disney+ special) [deluxe edition],25/11/2020,1,0.156,60,0.25,,,
227,cardigan - the long pond studio sessions,folklore: the long pond studio sessions (from the Disney+ special) [deluxe edition],25/11/2020,2,0.247,62,0.234,,,
228,the last great american dynasty - the long pond studio sessions,folklore: the long pond studio sessions (from the Disney+ special) [deluxe edition],25/11/2020,3,0.614,58,0.618,,,
229,exile (feat. Bon Iver) - the long pond studio sessions,folklore: the long pond studio sessions (from the Disney+ special) [deluxe edition],25/11/2020,4,0.108,60,0.305,,,
230,my tears ricochet - the long pond studio sessions,folklore: the long pond studio sessions (from the Disney+ special) [deluxe edition],25/11/2020,5,0.168,62,0.172,,,
231,mirrorball - the long pond studio sessions,folklore: the long pond studio sessions (from the Disney+ special) [deluxe edition],25/11/2020,6,0.109,60,0.386,,,
232,seven - the long pond studio sessions,folklore: the long pond studio sessions (from the Disney+ special) [deluxe edition],25/11/2020,7,0.363,58,0.449,,,
233,august - the long pond studio sessions,folklore: the long pond studio sessions (from the Disney+ special) [deluxe edition],25/11/2020,8,0.545,61,0.663,,,
234,this is me trying - the long pond studio sessions,folklore: the long pond studio sessions (from the Disney+ special) [deluxe edition],25/11/2020,9,0.157,62,0.332,,,
235,illicit affairs - the long pond studio sessions,folklore: the long pond studio sessions (from the Disney+ special) [deluxe edition],25/11/2020,10,0.435,60,0.235,,,
236,invisible string - the long pond studio sessions,folklore: the long pond studio sessions (from the Disney+ special) [deluxe edition],25/11/2020,11,0.351,58,0.282,,,
237,mad woman - the long pond studio sessions,folklore: the long pond studio sessions (from the Disney+ special) [deluxe edition],25/11/2020,12,0.346,57,0.465,,,
238,epiphany - the long pond studio sessions,folklore: the long pond studio sessions (from the Disney+ special) [deluxe edition],25/11/2020,13,0.113,56,0.2,,,
239,betty - the long pond studio sessions,folklore: the long pond studio sessions (from the Disney+ special) [deluxe edition],25/11/2020,14,0.518,59,0.316,,,
240,peace - the long pond studio sessions,folklore: the long pond studio sessions (from the Disney+ special) [deluxe edition],25/11/2020,15,0.513,57,0.344,,,
241,hoax - the long pond studio sessions,folklore: the long pond studio sessions (from the Disney+ special) [deluxe edition],25/11/2020,16,0.483,58,0.155,,,
242,the lakes - the long pond studio sessions,folklore: the long pond studio sessions (from the Disney+ special) [deluxe edition],25/11/2020,17,0.112,59,0.221,,,
243,the 1,folklore (deluxe version),18/8/2020,1,0.163,75,0.361,,,
244,cardigan,folklore (deluxe version),18/8/2020,2,0.534,76,0.58,,,
245,the last great american dynasty,folklore (deluxe version),18/8/2020,3,0.701,74,0.653,,,
246,exile (feat. Bon Iver),folklore (deluxe version),18/8/2020,4,0.16,75,0.374,,,
247,my tears ricochet,folklore (deluxe version),18/8/2020,5,0.112,75,0.265,,,
248,mirrorball,folklore (deluxe version),18/8/2020,6,0.347,73,0.417,,,
249,seven,folklore (deluxe version),18/8/2020,7,0.374,73,0.494,,,
250,august,folklore (deluxe version),18/8/2020,8,0.42,75,0.634,,,
251,this is me trying,folklore (deluxe version),18/8/2020,9,0.408,73,0.478,,,
252,illicit affairs,folklore (deluxe version),18/8/2020,10,0.44,74,0.304,,,
253,invisible string,folklore (deluxe version),18/8/2020,11,0.454,73,0.459,,,
254,mad woman,folklore (deluxe version),18/8/2020,12,0.451,71,0.7,,,
255,epiphany,folklore (deluxe version),18/8/2020,13,0.103,70,0.254,,,
256,betty,folklore (deluxe version),18/8/2020,14,0.476,72,0.376,,,
257,peace,folklore (deluxe version),18/8/2020,15,0.328,70,0.284,,,
258,hoax,folklore (deluxe version),18/8/2020,16,0.404,69,0.178,,,
259,the lakes - bonus track,folklore (deluxe version),18/8/2020,17,0.268,74,0.258,,,
260,the 1,folklore,24/7/2020,1,0.172,82,0.357,,,
261,cardigan,folklore,24/7/2020,2,0.551,91,0.581,,,
262,the last great american dynasty,folklore,24/7/2020,3,0.706,78,0.662,,,
263,exile (feat. Bon Iver),folklore,24/7/2020,4,0.152,83,0.38,,,
264,my tears ricochet,folklore,24/7/2020,5,0.111,82,0.263,,,
265,mirrorball,folklore,24/7/2020,6,0.379,81,0.413,,,
266,seven,folklore,24/7/2020,7,0.415,78,0.488,,,
267,august,folklore,24/7/2020,8,0.403,92,0.623,,,
268,this is me trying,folklore,24/7/2020,9,0.412,80,0.476,,,
269,illicit affairs,folklore,24/7/2020,10,0.46,81,0.31,,,
270,invisible string,folklore,24/7/2020,11,0.45,79,0.452,,,
271,mad woman,folklore,24/7/2020,12,0.506,72,0.699,,,
272,epiphany,folklore,24/7/2020,13,0.113,71,0.267,,,
273,betty,folklore,24/7/2020,14,0.502,79,0.377,,,
274,peace,folklore,24/7/2020,15,0.339,73,0.272,,,
275,hoax,folklore,24/7/2020,16,0.429,71,0.181,,,
276,I Forgot That You Existed,Lover,23/8/2019,1,0.541,78,0.316,,,
277,Cruel Summer,Lover,23/8/2019,2,0.564,100,0.702,,,
278,Lover,Lover,23/8/2019,3,0.453,92,0.543,,,
279,The Man,Lover,23/8/2019,4,0.633,87,0.658,,,
280,The Archer,Lover,23/8/2019,5,0.166,83,0.574,,,
281,I Think He Knows,Lover,23/8/2019,6,0.416,79,0.366,,,
282,Miss Americana & The Heartbreak Prince,Lover,23/8/2019,7,0.487,84,0.747,,,
283,Paper Rings,Lover,23/8/2019,8,0.865,86,0.719,,,
284,Cornelia Street,Lover,23/8/2019,9,0.248,81,0.624,,,
285,Death By A Thousand Cuts,Lover,23/8/2019,10,0.313,80,0.732,,,
286,London Boy,Lover,23/8/2019,11,0.557,81,0.71,,,
287,Soon You’ll Get Better (feat. The Chicks),Lover,23/8/2019,12,0.421,73,0.182,,,
288,False God,Lover,23/8/2019,13,0.351,79,0.32,,,
289,You Need To Calm Down,Lover,23/8/2019,14,0.714,84,0.671,,,
290,Afterglow,Lover,23/8/2019,15,0.399,82,0.449,,,
291,ME! (feat. Brendon Urie of Panic! At The Disco),Lover,23/8/2019,16,0.728,81,0.83,,,
292,It’s Nice To Have A Friend,Lover,23/8/2019,17,0.545,73,0.175,,,
293,Daylight,Lover,23/8/2019,18,0.265,84,0.496,,,
294,...Ready For It?,reputation,10/11/2017,1,0.417,85,0.764,,,
295,End Game,reputation,10/11/2017,2,0.151,82,0.589,,,
296,I Did Something Bad,reputation,10/11/2017,3,0.305,83,0.602,,,
297,Don’t Blame Me,reputation,10/11/2017,4,0.193,92,0.534,,,
298,Delicate,reputation,10/11/2017,5,0.0499,88,0.404,,,
299,Look What You Made Me Do,reputation,10/11/2017,6,0.506,87,0.709,,,
300,So It Goes...,reputation,10/11/2017,7,0.374,76,0.61,,,
301,Gorgeous,reputation,10/11/2017,8,0.451,84,0.535,,,
302,Getaway Car,reputation,10/11/2017,9,0.351,88,0.689,,,
303,King Of My Heart,reputation,10/11/2017,10,0.314,80,0.703,,,
304,Dancing With Our Hands Tied,reputation,10/11/2017,11,0.284,79,0.691,,,
305,Dress,reputation,10/11/2017,12,0.0851,83,0.469,,,
306,This Is Why We Can't Have Nice Things,reputation,10/11/2017,13,0.438,78,0.789,,,
307,Call It What You Want,reputation,10/11/2017,14,0.252,82,0.504,,,
308,New Year’s Day,reputation,10/11/2017,15,0.23,77,0.151,,,
309,All Too Well,reputation Stadium Tour Surprise Song Playlist,9/11/2017,1,0.316,43,0.605,,,
310,Wildest Dreams,reputation Stadium Tour Surprise Song Playlist,9/11/2017,2,0.465,46,0.688,,,
311,The Best Day,reputation Stadium Tour Surprise Song Playlist,9/11/2017,3,0.383,37,0.448,,,
312,Red,reputation Stadium Tour Surprise Song Playlist,9/11/2017,4,0.647,40,0.899,,,
313,Holy Ground,reputation Stadium Tour Surprise Song Playlist,9/11/2017,5,0.648,37,0.816,,,
314,Teardrops On My Guitar - Radio Single Remix,reputation Stadium Tour Surprise Song Playlist,9/11/2017,6,0.263,39,0.427,,,
315,Our Song,reputation Stadium Tour Surprise Song Playlist,9/11/2017,7,0.565,44,0.663,,,
316,22,reputation Stadium Tour Surprise Song Playlist,9/11/2017,8,0.68,42,0.733,,,
317,I Knew You Were Trouble.,reputation Stadium Tour Surprise Song Playlist,9/11/2017,9,0.665,44,0.464,,,
318,I Don’t Wanna Live Forever (Fifty Shades Darker),reputation Stadium Tour Surprise Song Playlist,9/11/2017,10,0.106,84,0.445,,,
319,Mean,reputation Stadium Tour Surprise Song Playlist,9/11/2017,11,0.79,40,0.754,,,
320,How You Get The Girl,reputation Stadium Tour Surprise Song Playlist,9/11/2017,12,0.545,40,0.656,,,
321,So It Goes...,reputation Stadium Tour Surprise Song Playlist,9/11/2017,13,0.374,57,0.61,,,
322,Fifteen,reputation Stadium Tour Surprise Song Playlist,9/11/2017,14,0.211,37,0.628,,,
323,Mine,reputation Stadium Tour Surprise Song Playlist,9/11/2017,15,0.67,41,0.779,,,
324,Sparks Fly,reputation Stadium Tour Surprise Song Playlist,9/11/2017,16,0.399,38,0.782,,,
325,State Of Grace,reputation Stadium Tour Surprise Song Playlist,9/11/2017,17,0.383,35,0.828,,,
326,Haunted,reputation Stadium Tour Surprise Song Playlist,9/11/2017,18,0.37,38,0.949,,,
327,Never Grow Up,reputation Stadium Tour Surprise Song Playlist,9/11/2017,19,0.545,36,0.309,,,
328,Treacherous,reputation Stadium Tour Surprise Song Playlist,9/11/2017,20,0.395,34,0.621,,,
329,Babe,reputation Stadium Tour Surprise Song Playlist,9/11/2017,21,0.643,35,0.784,,,
330,Welcome To New York,reputation Stadium Tour Surprise Song Playlist,9/11/2017,22,0.658,40,0.634,,,
331,Fearless,reputation Stadium Tour Surprise Song Playlist,9/11/2017,23,0.429,37,0.718,,,
332,Enchanted,reputation Stadium Tour Surprise Song Playlist,9/11/2017,24,0.218,48,0.626,,,
333,Change,reputation Stadium Tour Surprise Song Playlist,9/11/2017,25,0.234,34,0.763,,,
334,Ours,reputation Stadium Tour Surprise Song Playlist,9/11/2017,26,0.228,38,0.56,,,
335,Out Of The Woods,reputation Stadium Tour Surprise Song Playlist,9/11/2017,27,0.338,42,0.841,,,
336,Come Back...Be Here,reputation Stadium Tour Surprise Song Playlist,9/11/2017,28,0.217,35,0.548,,,
337,A Place in this World,reputation Stadium Tour Surprise Song Playlist,9/11/2017,29,0.438,34,0.767,,,
338,This Love,reputation Stadium Tour Surprise Song Playlist,9/11/2017,30,0.107,35,0.435,,,
339,The Lucky One,reputation Stadium Tour Surprise Song Playlist,9/11/2017,31,0.561,34,0.505,,,
340,Invisible,reputation Stadium Tour Surprise Song Playlist,9/11/2017,32,0.224,34,0.383,,,
341,Breathe,reputation Stadium Tour Surprise Song Playlist,9/11/2017,33,0.167,37,0.48,,,
342,Better Man,reputation Stadium Tour Surprise Song Playlist,9/11/2017,34,0.507,38,0.843,,,
343,Jump Then Fall,reputation Stadium Tour Surprise Song Playlist,9/11/2017,35,0.818,33,0.699,,,
344,Begin Again,reputation Stadium Tour Surprise Song Playlist,9/11/2017,36,0.323,35,0.526,,,
345,Tied Together with a Smile,reputation Stadium Tour Surprise Song Playlist,9/11/2017,37,0.238,34,0.547,,,
346,The Story Of Us,reputation Stadium Tour Surprise Song Playlist,9/11/2017,38,0.65,36,0.808,,,
347,Forever & Always,reputation Stadium Tour Surprise Song Playlist,9/11/2017,39,0.52,34,0.829,,,
348,Hey Stephen,reputation Stadium Tour Surprise Song Playlist,9/11/2017,40,0.838,33,0.541,,,
349,Speak Now,reputation Stadium Tour Surprise Song Playlist,9/11/2017,41,0.714,37,0.603,,,
350,Wonderland,reputation Stadium Tour Surprise Song Playlist,9/11/2017,42,0.197,43,0.692,,,
351,White Horse,reputation Stadium Tour Surprise Song Playlist,9/11/2017,43,0.218,35,0.348,,,
352,I'm Only Me When I'm With You,reputation Stadium Tour Surprise Song Playlist,9/11/2017,44,0.521,36,0.933,,,
353,Starlight,reputation Stadium Tour Surprise Song Playlist,9/11/2017,45,0.616,34,0.777,,,
354,I Know Places,reputation Stadium Tour Surprise Song Playlist,9/11/2017,46,0.495,39,0.755,,,
355,Welcome To New York,1989 (Deluxe Edition),27/10/2014,1,0.658,67,0.634,,,
356,Blank Space,1989 (Deluxe Edition),27/10/2014,2,0.57,70,0.703,,,
357,Style,1989 (Deluxe Edition),27/10/2014,3,0.487,72,0.791,,,
358,Out Of The Woods,1989 (Deluxe Edition),27/10/2014,4,0.338,70,0.841,,,
359,All You Had To Do Was Stay,1989 (Deluxe Edition),27/10/2014,5,0.539,68,0.725,,,
360,Shake It Off,1989 (Deluxe Edition),27/10/2014,6,0.942,68,0.8,,,
361,I Wish You Would,1989 (Deluxe Edition),27/10/2014,7,0.513,71,0.893,,,
362,Bad Blood,1989 (Deluxe Edition),27/10/2014,8,0.287,67,0.794,,,
363,Wildest Dreams,1989 (Deluxe Edition),27/10/2014,9,0.465,66,0.688,,,
364,How You Get The Girl,1989 (Deluxe Edition),27/10/2014,10,0.545,70,0.656,,,
365,This Love,1989 (Deluxe Edition),27/10/2014,11,0.107,65,0.435,,,
366,I Know Places,1989 (Deluxe Edition),27/10/2014,12,0.495,69,0.755,,,
367,Clean,1989 (Deluxe Edition),27/10/2014,13,0.211,72,0.377,,,
368,Wonderland,1989 (Deluxe Edition),27/10/2014,14,0.197,72,0.692,,,
369,You Are In Love,1989 (Deluxe Edition),27/10/2014,15,0.319,72,0.48,,,
370,New Romantics,1989 (Deluxe Edition),27/10/2014,16,0.584,76,0.889,,,
371,I Know Places - Voice Memo,1989 (Deluxe Edition),27/10/2014,17,0.15,55,0.128,,,
372,I Wish You Would - Voice Memo,1989 (Deluxe Edition),27/10/2014,18,0.645,53,0.357,,,
373,Blank Space - Voice Memo,1989 (Deluxe Edition),27/10/2014,19,0.578,53,0.234,,,
374,Welcome To New York,1989,27/10/2014,1,0.615,70,0.634,,,
375,Blank Space,1989,27/10/2014,2,0.583,83,0.678,,,
376,Style,1989,27/10/2014,3,0.456,83,0.786,,,
377,Out Of The Woods,1989,27/10/2014,4,0.343,72,0.842,,,
378,All You Had To Do Was Stay,1989,27/10/2014,5,0.471,70,0.736,,,
379,Shake It Off,1989,27/10/2014,6,0.943,79,0.785,,,
380,I Wish You Would,1989,27/10/2014,7,0.502,62,0.898,,,
381,Bad Blood,1989,27/10/2014,8,0.295,75,0.802,,,
382,Wildest Dreams,1989,27/10/2014,9,0.472,76,0.666,,,
383,How You Get The Girl,1989,27/10/2014,10,0.524,60,0.66,,,
384,This Love,1989,27/10/2014,11,0.0828,57,0.459,,,
385,I Know Places,1989,27/10/2014,12,0.507,59,0.763,,,
386,Clean,1989,27/10/2014,13,0.22,60,0.379,,,
387,State Of Grace,Red (Deluxe Edition),22/10/2012,1,0.397,49,0.825,,,
388,Red,Red (Deluxe Edition),22/10/2012,2,0.641,55,0.896,,,
389,Treacherous,Red (Deluxe Edition),22/10/2012,3,0.395,47,0.621,,,
390,I Knew You Were Trouble.,Red (Deluxe Edition),22/10/2012,4,0.679,54,0.469,,,
391,All Too Well,Red (Deluxe Edition),22/10/2012,5,0.337,61,0.609,,,
392,22,Red (Deluxe Edition),22/10/2012,6,0.668,60,0.729,,,
393,I Almost Do,Red (Deluxe Edition),22/10/2012,7,0.233,47,0.481,,,
394,We Are Never Ever Getting Back Together,Red (Deluxe Edition),22/10/2012,8,0.75,53,0.676,,,
395,Stay Stay Stay,Red (Deluxe Edition),22/10/2012,9,0.928,48,0.748,,,
396,The Last Time,Red (Deluxe Edition),22/10/2012,10,0.123,49,0.443,,,
397,Holy Ground,Red (Deluxe Edition),22/10/2012,11,0.648,47,0.816,,,
398,Sad Beautiful Tragic,Red (Deluxe Edition),22/10/2012,12,0.261,45,0.34,,,
399,The Lucky One,Red (Deluxe Edition),22/10/2012,13,0.545,45,0.499,,,
400,Everything Has Changed,Red (Deluxe Edition),22/10/2012,14,0.436,49,0.458,,,
401,Starlight,Red (Deluxe Edition),22/10/2012,15,0.587,45,0.777,,,
402,Begin Again,Red (Deluxe Edition),22/10/2012,16,0.323,46,0.526,,,
403,The Moment I Knew,Red (Deluxe Edition),22/10/2012,17,0.275,43,0.506,,,
404,Come Back...Be Here,Red (Deluxe Edition),22/10/2012,18,0.217,48,0.548,,,
405,Girl At Home,Red (Deluxe Edition),22/10/2012,19,0.633,41,0.59,,,
406,Treacherous - Original Demo Recording,Red (Deluxe Edition),22/10/2012,20,0.519,39,0.64,,,
407,Red - Original Demo Recording,Red (Deluxe Edition),22/10/2012,21,0.637,40,0.902,,,
408,State Of Grace - Acoustic,Red (Deluxe Edition),22/10/2012,22,0.0682,42,0.118,,,
409,State Of Grace,Red,22/10/2012,1,0.397,44,0.825,,,
410,Red,Red,22/10/2012,2,0.641,61,0.896,,,
411,Treacherous,Red,22/10/2012,3,0.395,42,0.621,,,
412,I Knew You Were Trouble.,Red,22/10/2012,4,0.679,64,0.469,,,
413,All Too Well,Red,22/10/2012,5,0.337,50,0.609,,,
414,22,Red,22/10/2012,6,0.668,54,0.729,,,
415,I Almost Do,Red,22/10/2012,7,0.233,45,0.481,,,
416,We Are Never Ever Getting Back Together,Red,22/10/2012,8,0.75,62,0.676,,,
417,Stay Stay Stay,Red,22/10/2012,9,0.928,43,0.748,,,
418,The Last Time,Red,22/10/2012,10,0.123,41,0.443,,,
419,Holy Ground,Red,22/10/2012,11,0.648,41,0.816,,,
420,Sad Beautiful Tragic,Red,22/10/2012,12,0.261,40,0.34,,,
421,The Lucky One,Red,22/10/2012,13,0.545,40,0.499,,,
422,Everything Has Changed,Red,22/10/2012,14,0.436,55,0.458,,,
423,Starlight,Red,22/10/2012,15,0.587,41,0.777,,,
424,Begin Again,Red,22/10/2012,16,0.323,59,0.526,,,
425,Sparks Fly - Live/2011,Speak Now World Tour Live,25/10/2010,1,0.298,49,0.783,,,
426,Mine - Live/2011,Speak Now World Tour Live,25/10/2010,2,0.442,48,0.852,,,
427,The Story Of Us - Live,Speak Now World Tour Live,25/10/2010,3,0.472,48,0.908,,,
428,Mean - Live/2011,Speak Now World Tour Live,25/10/2010,4,0.432,47,0.915,,,
429,Ours - Live/2011,Speak Now World Tour Live,25/10/2010,5,0.267,47,0.355,,,
430,Back To December/Apologize/You're Not Sorry - Live/2011/Medley,Speak Now World Tour Live,25/10/2010,6,0.171,54,0.516,,,
431,Better Than Revenge - Live/2011,Speak Now World Tour Live,25/10/2010,7,0.386,49,0.887,,,
432,Speak Now - Live/2011,Speak Now World Tour Live,25/10/2010,8,0.373,48,0.694,,,
433,Last Kiss - Live/2011,Speak Now World Tour Live,25/10/2010,9,0.188,47,0.395,,,
434,Drops Of Jupiter - Live/2011,Speak Now World Tour Live,25/10/2010,10,0.27,53,0.504,,,
435,Bette Davis Eyes - Live/2011,Speak Now World Tour Live,25/10/2010,11,0.363,49,0.488,,,
436,I Want You Back - Live/2011,Speak Now World Tour Live,25/10/2010,12,0.249,50,0.512,,,
437,Dear John - Live/2011,Speak Now World Tour Live,25/10/2010,13,0.138,48,0.386,,,
438,Enchanted - Live/2011,Speak Now World Tour Live,25/10/2010,14,0.214,50,0.663,,,
439,Haunted - Live/2011,Speak Now World Tour Live,25/10/2010,15,0.177,48,0.818,,,
440,Long Live - Live/2011,Speak Now World Tour Live,25/10/2010,16,0.204,49,0.728,,,
441,Mine,Speak Now (Deluxe Edition),25/10/2010,1,0.658,55,0.757,,,
442,Sparks Fly,Speak Now (Deluxe Edition),25/10/2010,2,0.374,55,0.787,,,
443,Back To December,Speak Now (Deluxe Edition),25/10/2010,3,0.286,55,0.67,,,
444,Speak Now,Speak Now (Deluxe Edition),25/10/2010,4,0.735,50,0.599,,,
445,Dear John,Speak Now (Deluxe Edition),25/10/2010,5,0.102,55,0.47,,,
446,Mean,Speak Now (Deluxe Edition),25/10/2010,6,0.789,57,0.761,,,
447,The Story Of Us,Speak Now (Deluxe Edition),25/10/2010,7,0.683,51,0.818,,,
448,Never Grow Up,Speak Now (Deluxe Edition),25/10/2010,8,0.554,54,0.305,,,
449,Enchanted,Speak Now (Deluxe Edition),25/10/2010,9,0.208,55,0.623,,,
450,Better Than Revenge,Speak Now (Deluxe Edition),25/10/2010,10,0.635,63,0.917,,,
451,Innocent,Speak Now (Deluxe Edition),25/10/2010,11,0.17,46,0.608,,,
452,Haunted,Speak Now (Deluxe Edition),25/10/2010,12,0.352,56,0.95,,,
453,Last Kiss,Speak Now (Deluxe Edition),25/10/2010,13,0.196,52,0.341,,,
454,Long Live,Speak Now (Deluxe Edition),25/10/2010,14,0.142,52,0.68,,,
455,Ours,Speak Now (Deluxe Edition),25/10/2010,15,0.238,55,0.569,,,
456,If This Was A Movie,Speak Now (Deluxe Edition),25/10/2010,16,0.289,51,0.719,,,
457,Superman,Speak Now (Deluxe Edition),25/10/2010,17,0.559,47,0.765,,,
458,Back To December - Acoustic,Speak Now (Deluxe Edition),25/10/2010,18,0.377,51,0.453,,,
459,Haunted - Acoustic Version,Speak Now (Deluxe Edition),25/10/2010,19,0.313,50,0.443,,,
460,Mine - POP Mix,Speak Now (Deluxe Edition),25/10/2010,20,0.679,46,0.723,,,
461,Mine,Speak Now,25/10/2010,1,0.658,63,0.757,,,
462,Sparks Fly,Speak Now,25/10/2010,2,0.374,62,0.787,,,
463,Back To December,Speak Now,25/10/2010,3,0.286,66,0.67,,,
464,Speak Now,Speak Now,25/10/2010,4,0.735,59,0.599,,,
465,Dear John,Speak Now,25/10/2010,5,0.102,56,0.47,,,
466,Mean,Speak Now,25/10/2010,6,0.789,64,0.761,,,
467,The Story Of Us,Speak Now,25/10/2010,7,0.683,59,0.818,,,
468,Never Grow Up,Speak Now,25/10/2010,8,0.554,54,0.305,,,
469,Enchanted,Speak Now,25/10/2010,9,0.208,73,0.623,,,
470,Better Than Revenge,Speak Now,25/10/2010,10,0.635,61,0.917,,,
471,Innocent,Speak Now,25/10/2010,11,0.17,49,0.608,,,
472,Haunted,Speak Now,25/10/2010,12,0.352,56,0.95,,,
473,Last Kiss,Speak Now,25/10/2010,13,0.196,57,0.341,,,
474,Long Live,Speak Now,25/10/2010,14,0.142,55,0.68,,,
475,Jump Then Fall,Fearless Platinum Edition,11/11/2008,1,0.82,46,0.687,,,
476,Untouchable,Fearless Platinum Edition,11/11/2008,2,0.288,45,0.454,,,
477,Forever & Always - Piano Version,Fearless Platinum Edition,11/11/2008,3,0.294,46,0.16,,,
478,Come In With The Rain,Fearless Platinum Edition,11/11/2008,4,0.224,45,0.475,,,
479,SuperStar,Fearless Platinum Edition,11/11/2008,5,0.228,43,0.531,,,
480,The Other Side Of The Door,Fearless Platinum Edition,11/11/2008,6,0.469,44,0.816,,,
481,Fearless,Fearless Platinum Edition,11/11/2008,7,0.467,48,0.714,,,
482,Fifteen,Fearless Platinum Edition,11/11/2008,8,0.214,47,0.636,,,
483,Love Story,Fearless Platinum Edition,11/11/2008,9,0.307,53,0.736,,,
484,Hey Stephen,Fearless Platinum Edition,11/11/2008,10,0.825,45,0.553,,,
485,White Horse,Fearless Platinum Edition,11/11/2008,11,0.195,46,0.346,,,
486,You Belong With Me,Fearless Platinum Edition,11/11/2008,12,0.445,54,0.771,,,
487,Breathe,Fearless Platinum Edition,11/11/2008,13,0.17,46,0.486,,,
488,Tell Me Why,Fearless Platinum Edition,11/11/2008,14,0.513,43,0.852,,,
489,You're Not Sorry,Fearless Platinum Edition,11/11/2008,15,0.281,44,0.459,,,
490,The Way I Loved You,Fearless Platinum Edition,11/11/2008,16,0.379,46,0.712,,,
491,Forever & Always,Fearless Platinum Edition,11/11/2008,17,0.514,45,0.829,,,
492,The Best Day,Fearless Platinum Edition,11/11/2008,18,0.364,44,0.447,,,
493,Change,Fearless Platinum Edition,11/11/2008,19,0.224,43,0.756,,,
494,Fearless,Fearless,11/11/2008,1,0.476,61,0.712,,,
495,Fifteen,Fearless,11/11/2008,2,0.203,60,0.651,,,
496,Love Story,Fearless,11/11/2008,3,0.296,71,0.741,,,
497,Hey Stephen,Fearless,11/11/2008,4,0.831,50,0.544,,,
498,White Horse,Fearless,11/11/2008,5,0.223,55,0.34,,,
499,You Belong With Me,Fearless,11/11/2008,6,0.443,72,0.783,,,
500,Breathe,Fearless,11/11/2008,7,0.184,47,0.482,,,
501,Tell Me Why,Fearless,11/11/2008,8,0.51,46,0.855,,,
502,You're Not Sorry,Fearless,11/11/2008,9,0.276,48,0.452,,,
503,The Way I Loved You,Fearless,11/11/2008,10,0.398,56,0.7,,,
504,Forever & Always,Fearless,11/11/2008,11,0.544,51,0.821,,,
505,The Best Day,Fearless,11/11/2008,12,0.396,49,0.434,,,
506,Change,Fearless,11/11/2008,13,0.215,44,0.77,,,
507,Love Story - Live From Clear Channel Stripped 2008,Live From Clear Channel Stripped 2008,28/6/2008,1,0.512,42,0.444,,,
508,Fearless - Live From Clear Channel Stripped 2008,Live From Clear Channel Stripped 2008,28/6/2008,2,0.467,42,0.266,,,
509,Beautiful Eyes - Live From Clear Channel Stripped 2008,Live From Clear Channel Stripped 2008,28/6/2008,3,0.457,45,0.704,,,
510,Untouchable - Live From Clear Channel Stripped 2008,Live From Clear Channel Stripped 2008,28/6/2008,4,0.331,38,0.184,,,
511,Teardrops On My Guitar - Live From Clear Channel Stripped 2008,Live From Clear Channel Stripped 2008,28/6/2008,5,0.615,38,0.801,,,
512,Picture To Burn - Live From Clear Channel Stripped 2008,Live From Clear Channel Stripped 2008,28/6/2008,6,0.684,37,0.872,,,
513,Should've Said No - Live From Clear Channel Stripped 2008,Live From Clear Channel Stripped 2008,28/6/2008,7,0.438,38,0.808,,,
514,Change - Live From Clear Channel Stripped 2008,Live From Clear Channel Stripped 2008,28/6/2008,8,0.273,35,0.712,,,
515,Tim McGraw,Taylor Swift,24/10/2006,1,0.425,68,0.491,,,
516,Picture To Burn,Taylor Swift,24/10/2006,2,0.821,72,0.877,,,
517,Teardrops On My Guitar - Radio Single Remix,Taylor Swift,24/10/2006,3,0.289,69,0.417,,,
518,A Place in this World,Taylor Swift,24/10/2006,4,0.428,60,0.777,,,
519,Cold As You,Taylor Swift,24/10/2006,5,0.261,60,0.482,,,
520,The Outside,Taylor Swift,24/10/2006,6,0.591,58,0.805,,,
521,Tied Together with a Smile,Taylor Swift,24/10/2006,7,0.192,59,0.578,,,
522,Stay Beautiful,Taylor Swift,24/10/2006,8,0.504,59,0.629,,,
523,Should've Said No,Taylor Swift,24/10/2006,9,0.472,69,0.777,,,
524,Mary's Song (Oh My My My),Taylor Swift,24/10/2006,10,0.374,62,0.627,,,
525,Our Song,Taylor Swift,24/10/2006,11,0.539,77,0.672,,,
526,I'm Only Me When I'm With You,Taylor Swift,24/10/2006,12,0.518,62,0.934,,,
527,Invisible,Taylor Swift,24/10/2006,13,0.233,58,0.394,,,
528,A Perfectly Good Heart,Taylor Swift,24/10/2006,14,0.268,57,0.751,,,
529,Teardrops on My Guitar - Pop Version,Taylor Swift,24/10/2006,15,0.483,57,0.753,,,
